"name"	"hsa.ggo"	"hsa.ppy"	"hsa.ptr"	"hsa.mml"	"hsa.bta"	"hsa.cfa"	"hsa.mmu"	"hsa.rno"
"hsa-mir-105-1"	0	1	0	1	0	0	0	0
"hsa-mir-105-2"	0	1	0	0	0	0	0	0
"hsa-mir-1178"	0	0.890620169219367	0.879631182405031	0	0	0	0	0
"hsa-mir-1180"	1	1	0	0.811594303166776	0	0	0	0
"hsa-mir-1181"	0	0.901807531609842	0.938558164833362	0	0	0	0	0
"hsa-mir-1182"	0	0	0.989690742925981	0	0	0	0	0
"hsa-mir-1183"	0	0.91063406058834	0.988764070217209	0	0	0	0	0
"hsa-mir-1184-1"	0	0	0.989899010324514	0	0	0	0	0
"hsa-mir-1184-2"	0	0	0.989899010324514	0	0	0	0	0
"hsa-mir-1185-1"	0	1	0.988372120090656	0.95375832567697	0	0	0	0
"hsa-mir-1185-2"	0	0.95375832567697	0.988372120090656	0.616549226356884	0	0	0	0
"hsa-mir-1200"	0	1	0	0	0	0	0	0
"hsa-mir-1202"	0	0.904173795012012	0.987951836288355	0	0	0	0	0
"hsa-mir-1203"	0	0	0.894663936346309	0	0	0	0	0
"hsa-mir-1204"	0	0.970149342922861	0.955224014384291	0	0	0	0	0
"hsa-mir-1205"	0	1	0.984126972487333	0	0	0	0	0
"hsa-mir-1206"	0	0	0.983050834186218	0	0	0	0	0
"hsa-mir-1207"	0	0.862869513855712	0.942795611527077	0	0	0	0	0
"hsa-mir-1208"	0	0.945523424070141	0.986301407429238	0	0	0	0	0
"hsa-mir-1226"	0	1	1	1	0	0	0	0
"hsa-mir-1227"	0	0.77404608966189	0.943445572421449	0.72885536009178	0	0	0	0
"hsa-mir-1228"	1	0.782093590806176	0	0	0	0	0	0
"hsa-mir-1233-1"	0	0	0.757512823175673	0	0	0	0	0
"hsa-mir-1233-2"	0	0	0.806010465116064	0	0	0	0	0
"hsa-mir-1234"	0	0	0.650580465685334	0.475580133638674	0	0	0	0
"hsa-mir-1236"	0	0.961011907412922	0.990196097673065	0	0	0	0	0
"hsa-mir-1237"	0	0.766071067044362	0.990196097673065	0	0	0	0	0
"hsa-mir-1238"	0	0.567445588174997	0	0	0	0	0	0
"hsa-mir-1243"	0	0	0	0.430357253147619	0	0	0	0
"hsa-mir-1244-1"	0	0	0.941449538502064	0	0	0	0	0
"hsa-mir-1244-2"	0	0	0.988235321825674	0	0	0	0	0
"hsa-mir-1244-3"	0	0	0.988235321825674	0	0	0	0	0
"hsa-mir-1244-4"	0	0	0.941449629085991	0	0	0	0	0
"hsa-mir-1248"	0	1	0.99056605555274	0	0	0	0	0
"hsa-mir-1250"	0.867872911541239	0.841324286008447	0.991150458155737	0.717841302141032	0	0	0	0
"hsa-mir-1252"	0.877636974609943	0.877637033837849	0.938818576146838	0	0	0	0	0
"hsa-mir-1253"	0	0.810628740648789	0.990476208634066	0	0	0	0	0
"hsa-mir-1255a"	0.92920366524589	0.804824797795912	0	0	0	0	0	0
"hsa-mir-1255b-1"	0	0.763009361708784	0	0	0	0	0	0
"hsa-mir-1255b-2"	0	0.940644881849769	0	0	0	0	0	0
"hsa-mir-1257"	0	0.536539425638535	0	0	0	0	0	0
"hsa-mir-1260a"	0	0.726981004272342	0	0	0	0	0	0
"hsa-mir-1261"	0	0.951502451957574	0	0	0	0	0	0
"hsa-mir-1262"	0	0.914477500257894	0.989247334974047	0.484370319677271	0	0	0	0
"hsa-mir-1263"	0	0.791777363827943	0.942130356236998	0	0	0	0	0
"hsa-mir-1265"	0	0.81503312364663	0.732828473103477	0	0	0	0	0
"hsa-mir-1266"	1	0.856652437621508	0.988095266466899	0	0	0	0	0
"hsa-mir-1267"	0	0.552538144274129	0.9743590401678	0	0	0	0	0
"hsa-mir-1270"	0	0.64023198531615	0	0	0	0	0	0
"hsa-mir-1272"	0	0	0.961420267243164	0	0	0	0	0
"hsa-mir-1273a"	0	0.748699695767161	0	0	0	0	0	0
"hsa-mir-1273c"	1	0	0	0	0	0	0	0
"hsa-mir-1273e"	0	0.227815704360516	0	0	0	0	0	0
"hsa-mir-1275"	0	0.751450610802238	0.987500031279753	0	0	0	0	0
"hsa-mir-1276"	0	0	0.987951836288355	0	0	0	0	0
"hsa-mir-1278"	0.950903908390715	0	0.938558259890558	0	0	0	0	0
"hsa-mir-1283-1"	0.542897406002069	0	0	0	0	0	0	0
"hsa-mir-1283-2"	0.497186668693943	0	0	0	0	0	0	0
"hsa-mir-1286"	1	0.961538560251693	0.9871795200839	0	0	0	0	0
"hsa-mir-1289-1"	0	0.868091510236513	0.916380398638232	0	0	0	0	0
"hsa-mir-1289-2"	0	0	0.919337134688592	0	0	0	0	0
"hsa-mir-1290"	0	0.796062210659171	0.885210526700249	0	0	0	0	0
"hsa-mir-1292"	0	0.939745622936118	0.984848530805866	0	0	0	0	0
"hsa-mir-1293"	0	0.436946345072271	0.872332051001482	0	0	0	0	0
"hsa-mir-1294"	0	0	0.915819823626166	0	0	0	0	0
"hsa-mir-1299"	0	0.472954712982715	0.844212482423037	0	0	0	0	0
"hsa-mir-1302-1"	0	0.16783236362724	0.993007002796748	0	0	0	0	0
"hsa-mir-1302-3"	0	0.181159617794294	0	0	0	0	0	0
"hsa-mir-1302-4"	0	0.173488211283917	0	0	0	0	0	0
"hsa-mir-1302-5"	0	0.153333526508789	0	0	0	0	0	0
"hsa-mir-1302-6"	0	0	0.988888913603767	0	0	0	0	0
"hsa-mir-1302-7"	0	0	0.930878063731125	0	0	0	0	0
"hsa-mir-1302-8"	0	0	0.992187512218664	0	0	0	0	0
"hsa-mir-1303"	0	0.767502566395466	0.894599798985835	0	0	0	0	0
"hsa-mir-1304"	0	0.737794259321343	0	0.682849282943991	0	0	0	0
"hsa-mir-1305"	0	0.953758236146342	0	0	0	0	0	0
"hsa-mir-1322"	0	0.84572429771239	0	0	0	0	0	0
"hsa-mir-1323"	0	1	0.986301407429238	0.891047059089079	0	0	0	0
"hsa-mir-1324"	0	0.461475874233504	0.989583355055393	0	0	0	0	0
"hsa-mir-1469"	0	1	0	0	0	0	0	0
"hsa-mir-1471"	0	0.860463075924621	0	0	0	0	0	0
"hsa-mir-147a"	0	0.944766914003038	0.944766914003038	0.834300367721521	0	0	0	0
"hsa-mir-147b"	0	1	0.987500031279753	0.850870530098538	0	0	0	0
"hsa-mir-151a"	0.988888913603767	0.988888913603767	0	0	0	0	0	0
"hsa-mir-151b"	0	0.91715023321074	0	0	0	0	0	0
"hsa-mir-1537"	0	0.869613108200418	0	0	0	0	0	0
"hsa-mir-1538"	0	0.738465404781761	0	0	0	0	0	0
"hsa-mir-1825"	0	0	0.981132059025354	0	0	0	0	0
"hsa-mir-1827"	0	0.939745622936118	0.80408504963111	0	0	0	0	0
"hsa-mir-1908"	0	0.78837073462003	0	0	0	0	0	0
"hsa-mir-1909"	0	0.737565093176143	0	0	0	0	0	0
"hsa-mir-1910"	0	0.751450851415756	0	0	0	0	0	0
"hsa-mir-1911"	0	0	0	0.70000036573255	0	0	0	0
"hsa-mir-1913"	0	0.712334840472273	0	0	0	0	0	0
"hsa-mir-1914"	0	0.751450658924939	0	0	0	0	0	0
"hsa-mir-1915"	0	0.900580321317218	0	0	0	0	0	0
"hsa-mir-1976"	0	0.923522989019738	0	0	0	0	0	0
"hsa-mir-198"	1	0.935858062075646	0.935858062075646	0.871716186245062	0	0	0	0
"hsa-mir-2110"	0.946976231545784	0	0	0	0	0	0	0
"hsa-mir-2278"	0	0.782459138593604	0	0	0	0	0	0
"hsa-mir-23c"	1	0	1	0	0	0	0	0
"hsa-mir-302e"	0	0.834300528130494	0.98611114972808	0	0	0	0	0
"hsa-mir-302f"	0	0	0.843591994831288	0	0	0	0	0
"hsa-mir-3117"	0	0	1	0	0	0	0	0
"hsa-mir-3121"	0	1	1	0	0	0	0	0
"hsa-mir-3122"	0	0	0	0.67314001704888	0	0	0	0
"hsa-mir-3126"	0.946259696072672	0	0	0	0	0	0	0
"hsa-mir-3127"	1	0	1	0	0	0	0	0
"hsa-mir-3129"	0.921358190716231	0	0.973684279844326	0	0	0	0	0
"hsa-mir-3132"	0	0	0.946976231545784	0	0	0	0	0
"hsa-mir-3136"	0	0	0.949015503308175	0	0	0	0	0
"hsa-mir-3138"	1	0	1	0	0	0	0	0
"hsa-mir-3140"	0	0	0	0.876857601070969	0	0	0	0
"hsa-mir-3145"	0	0.854507825362554	0	0	0	0	0	0
"hsa-mir-3149"	0	0	1	0	0	0	0	0
"hsa-mir-3151"	0.697741941170356	0	0.907047108170301	0	0	0	0	0
"hsa-mir-3155a"	0	0.854507919260519	0	0	0	0	0	0
"hsa-mir-3165"	0	0	0.946976231545784	0	0	0	0	0
"hsa-mir-3167"	0	0	0	0.600546302608653	0	0	0	0
"hsa-mir-3170"	0	1	0	0	0	0	0	0
"hsa-mir-3173"	0.985294160940817	0.941517805279543	1	0	0	0	0	0
"hsa-mir-3174"	0	0.954289837951908	0	0	0	0	0	0
"hsa-mir-3188"	0	0.682960148688084	0	0	0	0	0	0
"hsa-mir-3192"	0	0	1	0	0	0	0	0
"hsa-mir-3193"	0	0	1	0	0	0	0	0
"hsa-mir-3200"	0	0	1	1	0	0	0	0
"hsa-mir-320a"	1	1	0.939307359778881	0.987804907821308	0	0	0	0
"hsa-mir-320b-1"	0	0.949660972512316	0.987341804228562	0	0	0	0	0
"hsa-mir-320b-2"	0	0.884730574503676	0.992753633700414	0	0	0	0	0
"hsa-mir-320c-1"	0	0.9320820494047	0.988636389487405	0	0	0	0	0
"hsa-mir-320c-2"	0	0.920463905754072	0.979999981520889	0	0	0	0	0
"hsa-mir-320d-1"	0	0.917150059046536	0	0	0	0	0	0
"hsa-mir-320d-2"	0	1	0.564916540825843	0	0	0	0	0
"hsa-mir-320e"	0	0.849931978135668	1	0	0	0	0	0
"hsa-mir-323a"	1	0	0	1	0	0	0	0
"hsa-mir-323b"	1	0	0	0.695122366889774	0	0	0	0
"hsa-mir-329-1"	0	0.950290208781313	0.987500031279753	0	0	0	0	0
"hsa-mir-329-2"	0	0.940752602521996	0.893133668389612	0.763010364256835	0	0	0	0
"hsa-mir-3605"	0.620000683727725	0	0	0	0	0	0	0
"hsa-mir-3612"	0.954289660948822	0	0	0	0	0	0	0
"hsa-mir-3617"	0	0.949660972512316	0	0	0	0	0	0
"hsa-mir-365a"	1	0	0	0	0	0	0	0
"hsa-mir-3661"	0	0.91715023321074	0	0	0	0	0	0
"hsa-mir-371b"	1	0	0	0	0	0	0	0
"hsa-mir-372"	0	1	0.985074671461431	0.92537324238731	0	0	0	0
"hsa-mir-373"	0	0.942365482448747	0.88473063013099	0.711826463738649	0	0	0	0
"hsa-mir-378e"	0.949660777584913	0.949660777584913	0.949660777584913	0	0	0	0	0
"hsa-mir-378j"	0	0	0.927031309270432	0.890546963905652	0	0	0	0
"hsa-mir-3912"	0	0.867329676323379	0	0	0	0	0	0
"hsa-mir-3923"	0.796299611845714	0	0	0	0	0	0	0
"hsa-mir-3927"	0.380281566803186	0	0	0.380281566803186	0	0	0	0
"hsa-mir-3934"	0	0.813951858411871	0	0	0	0	0	0
"hsa-mir-3937"	0	0	0.924747375622161	0	0	0	0	0
"hsa-mir-3938"	0	0.631616099985845	0	0.252524023241243	0	0	0	0
"hsa-mir-3940"	0	0.814635847184252	0	0	0	0	0	0
"hsa-mir-3943"	0.980000040038108	0.970000060057164	0.980000040038108	0	0	0	0	0
"hsa-mir-422a"	0	0.911626842159028	0.988888913603767	0.77906736205206	0	0	0	0
"hsa-mir-4423"	0	0	0.900580321317218	0	0	0	0	0
"hsa-mir-4427"	0	0.941517918509385	0	0	0	0	0	0
"hsa-mir-4428"	0	0	1	0	0	0	0	0
"hsa-mir-4429"	0.711007223519439	0	0	0	0	0	0	0
"hsa-mir-4446"	0.895868781314219	0.940644939309691	0.940644939309691	0.940644939309691	0	0	0	0
"hsa-mir-4451"	0	1	0	0	0	0	0	0
"hsa-mir-4484"	0.952086943889343	0.940038780177698	0	0	0	0	0	0
"hsa-mir-4488"	0.935857999981867	0	0	0	0	0	0	0
"hsa-mir-4504"	0	0	1	0	0	0	0	0
"hsa-mir-4510"	1	0	1	0	0	0	0	0
"hsa-mir-4515"	0	0.901807626667044	0	0	0	0	0	0
"hsa-mir-4524a"	0.942365482448747	0	0.942365482448747	0	0	0	0	0
"hsa-mir-4526"	0	0.908579587402267	0	0	0	0	0	0
"hsa-mir-4529"	0.885210724126722	0.359569270728348	0	0	0	0	0	0
"hsa-mir-4637"	0	0.677699477799848	0	0	0	0	0	0
"hsa-mir-4654"	0	0	1	0	0	0	0	0
"hsa-mir-4660"	0.946259592023596	0	0	0	0	0	0	0
"hsa-mir-4667"	0	1	1	0	0	0	0	0
"hsa-mir-4672"	0	0.901807721724241	0	0	0	0	0	0
"hsa-mir-4703"	0	0	0	0.0886076201508154	0	0	0	0
"hsa-mir-4716"	0	0	0	0.857971916502973	0	0	0	0
"hsa-mir-4738"	0.954289837951908	0	0	0	0	0	0	0
"hsa-mir-4742"	0	0	0.953214216676391	0	0	0	0	0
"hsa-mir-4743"	1	0.927872770873528	1	0	0	0	0	0
"hsa-mir-4766"	0	0	0	0.632189708388605	0	0	0	0
"hsa-mir-4774"	0	1	0	0	0	0	0	0
"hsa-mir-4782"	0	1	0	0	0	0	0	0
"hsa-mir-4788"	0	0.950290208781313	0	0	0	0	0	0
"hsa-mir-4791"	0	0.905314672110181	0	0	0	0	0	0
"hsa-mir-4796"	0	1	0	0.852711630114956	0	0	0	0
"hsa-mir-4798"	0	0.734880439096637	0	0	0	0	0	0
"hsa-mir-4803"	0	0	0	0.758011206084792	0	0	0	0
"hsa-mir-492"	0	0.638176122862867	0.922813909954848	0	0	0	0	0
"hsa-mir-498"	0	0.903787415435914	0.919542119822532	0.815452183065139	0	0	0	0
"hsa-mir-499a"	0.893442797801539	0	0	0	0	0	0	0
"hsa-mir-500a"	0	0	0	0.0714286017098686	0	0	0	0
"hsa-mir-500b"	0	0	0	0.0759493878304876	0	0	0	0
"hsa-mir-507"	0	0.957446899135593	1	0.873081336820558	0	0	0	0
"hsa-mir-508"	0.670776376651858	0.896257748012392	0.635388569960189	0.53164618406582	0	0	0	0
"hsa-mir-509-1"	0	0.915387475969357	0	0	0	0	0	0
"hsa-mir-509-2"	0	0	0	0.781495272508699	0	0	0	0
"hsa-mir-510"	0	0.662296727136518	0.784724712174259	0.785038420118929	0	0	0	0
"hsa-mir-512-1"	0	0.905314672110181	0	0	0	0	0	0
"hsa-mir-512-2"	0	0.918840884188516	0	0	0	0	0	0
"hsa-mir-513a-1"	0	0.907516460218825	0.527492251118088	0.519920162492246	0	0	0	0
"hsa-mir-513a-2"	0	0.968686716690481	0.535981811389383	0.567295155325986	0	0	0	0
"hsa-mir-513b"	0	0.905314580447876	0.905038401922706	0	0	0	0	0
"hsa-mir-515-1"	1	1	0.987951836288355	0	0	0	0	0
"hsa-mir-515-2"	1	1	0.987951836288355	0	0	0	0	0
"hsa-mir-516a-1"	1	0.955813506631015	0.988888913603767	0.689462433738228	0	0	0	0
"hsa-mir-516a-2"	0.91162675660753	0	0.988888913603767	0.645275769266241	0	0	0	0
"hsa-mir-516b-1"	1	1	0.944702249131781	0	0	0	0	0
"hsa-mir-516b-2"	0.681547628213847	0.608897189597417	0.810140526470163	0	0	0	0	0
"hsa-mir-517a"	0	1	0.988505773575175	0.759954874833154	0	0	0	0
"hsa-mir-517c"	0.715894949735971	0	0	0.539040800450891	0	0	0	0
"hsa-mir-518a-1"	0	0	0	0.531049724597684	0	0	0	0
"hsa-mir-518b"	1	0.61669466983137	0.987951836288355	0.760434533913361	0	0	0	0
"hsa-mir-518c"	1	1	0.970297088576772	0.881877433676016	0	0	0	0
"hsa-mir-518d"	1	0.691255950180004	0.942795611527077	0	0	0	0	0
"hsa-mir-518e"	0.908358863162972	0.592227752737435	0.988636389487405	0.468282274549015	0	0	0	0
"hsa-mir-518f"	1	1	0.988505773575175	0.680028246152532	0	0	0	0
"hsa-mir-519a-1"	0.740531533805103	0	0	0	0	0	0	0
"hsa-mir-519a-2"	1	0	0	0.497186889947801	0	0	0	0
"hsa-mir-519b"	0.679872170883941	0	0.987654351499843	0.754519209253399	0	0	0	0
"hsa-mir-519c"	0	0	0.988505773575175	0.771449101257979	0	0	0	0
"hsa-mir-519d"	0.954809270429884	0.830336979751884	0.943445659917295	0.421940624618846	0	0	0	0
"hsa-mir-519e"	0.867842571824289	0.820499907879379	0.855937838291194	0	0	0	0	0
"hsa-mir-520a"	0	0.952941287302688	0.941449629085991	0.859642921780959	0	0	0	0
"hsa-mir-520b"	0	0.869613171312119	0.98360654496163	0	0	0	0	0
"hsa-mir-520c"	0.80539829323004	0.817159263306077	0.988505773575175	0	0	0	0	0
"hsa-mir-520d"	0	0.862869159849541	0.942795434523992	0	0	0	0	0
"hsa-mir-520e"	0	0.908579498900724	0.988505773575175	0	0	0	0	0
"hsa-mir-520f"	0.965517320725526	0.954289837951908	0.988505773575175	0	0	0	0	0
"hsa-mir-520g"	0.955813506631015	0.867440348790037	0.900515926865791	0	0	0	0	0
"hsa-mir-520h"	0	0.728064353894796	0.807082158774513	0	0	0	0	0
"hsa-mir-521-1"	0	0.954289660948822	0.988505773575175	0	0	0	0	0
"hsa-mir-521-2"	0	0.688868798055231	0.942795434523992	0	0	0	0	0
"hsa-mir-522"	1	0.81715935180762	0.988505773575175	0	0	0	0	0
"hsa-mir-523"	1	0.817159086302991	0.90804618860139	0	0	0	0	0
"hsa-mir-524"	1	0.954289837951908	0.988505773575175	0.748460471405244	0	0	0	0
"hsa-mir-525"	1	0.823317498658907	0.941449629085991	0	0	0	0	0
"hsa-mir-526a-1"	0	0	0.988235321825674	0	0	0	0	0
"hsa-mir-526a-2"	0	0.58540854109102	0.782774000748166	0	0	0	0	0
"hsa-mir-526b"	0	0.66171498294856	0.940038780177698	0.808347497257357	0	0	0	0
"hsa-mir-527"	0	0.706701788470948	0.847059183733737	0	0	0	0	0
"hsa-mir-548a-1"	0	0	0.907695175058765	0	0	0	0	0
"hsa-mir-548a-2"	0	0	0.866697391125162	0	0	0	0	0
"hsa-mir-548b"	0.918004432132789	0	0.907695175058765	0	0	0	0	0
"hsa-mir-548c"	0.301175293883996	0.301175293883996	0.989690742925981	0.258210471219316	0	0	0	0
"hsa-mir-548e"	0.954809182934038	0.683664455529973	0.909618453363923	0.184454958625839	0	0	0	0
"hsa-mir-548f-1"	0	0	0.572099827583203	0	0	0	0	0
"hsa-mir-548f-2"	0	0	0.367583934284705	0	0	0	0	0
"hsa-mir-548g"	0	0	0	0.134831535886786	0	0	0	0
"hsa-mir-548i-1"	0	0	0.939908689484821	0	0	0	0	0
"hsa-mir-548i-2"	0	0	0.79974803051952	0	0	0	0	0
"hsa-mir-548i-3"	0	0	0.833149179264708	0	0	0	0	0
"hsa-mir-548i-4"	0	0	0.44155839350879	0	0	0	0	0
"hsa-mir-548j"	0	0	0.920057406302619	0.107764480166488	0	0	0	0
"hsa-mir-548k"	0	0	0.991379325222248	0	0	0	0	0
"hsa-mir-548l"	0	0	0.942130445767627	0	0	0	0	0
"hsa-mir-548n"	0	0	0.839450673389236	0	0	0	0	0
"hsa-mir-548o"	0	0	0.219298417724298	0	0	0	0	0
"hsa-mir-548p"	0	0	0.988095266466899	0	0	0	0	0
"hsa-mir-549a"	0	0	0	0.83314568144264	0	0	0	0
"hsa-mir-552"	0	0	0.989583355055393	0.709784280262897	0	0	0	0
"hsa-mir-553"	0	0.883035553944169	0.985294160940817	0	0	0	0	0
"hsa-mir-554"	0	0.791721078763907	0.989583355055393	0.792875783538206	0	0	0	0
"hsa-mir-555"	0	0.9585750765031	0.989583355055393	0	0	0	0	0
"hsa-mir-556"	0.978947412784607	0.832556183431587	0.989473706392304	0.622274470779719	0	0	0	0
"hsa-mir-557"	0	0.959420481378114	0.949216342022242	0.756523045404126	0	0	0	0
"hsa-mir-558"	0	0.915387557880373	0.947055503724084	0.80925168552395	0	0	0	0
"hsa-mir-559"	0	0.91715031341528	0.948158511763038	0	0	0	0	0
"hsa-mir-561"	0	0	0.94869280023699	0	0	0	0	0
"hsa-mir-563"	0	0.861347357710304	0	0.848982820073234	0	0	0	0
"hsa-mir-564"	0	0.746162345997049	0.904749118842235	0	0	0	0	0
"hsa-mir-566"	0	0.915140678075782	0.989361724783899	0	0	0	0	0
"hsa-mir-567"	0	0.949216499157675	0.897959392118435	0.705029370969573	0	0	0	0
"hsa-mir-569"	0	0.91715031341528	0.948158511763038	0.95857515670764	0	0	0	0
"hsa-mir-570"	0	0	0.382931795988537	0.413620560981197	0	0	0	0
"hsa-mir-571"	0	0.937741866818431	0	0.440642464037486	0	0	0	0
"hsa-mir-572"	0	0	0.947612813036795	0.832556426577978	0	0	0	0
"hsa-mir-573"	0	0.718812778285473	0	0.638473877622446	0	0	0	0
"hsa-mir-575"	0	0.957693697029168	0.989361724783899	0	0	0	0	0
"hsa-mir-576"	0	0.878261522702063	0.868057619049341	0.766490303093824	0	0	0	0
"hsa-mir-577"	0.917150153006199	1	0.989583355055393	0.834300466421485	0	0	0	0
"hsa-mir-579"	0	0.959420559945835	0.989795939211844	0.817274039639299	0	0	0	0
"hsa-mir-580"	0	0.836008705510191	0.948692958992373	0.836008546754809	0	0	0	0
"hsa-mir-581"	0	0.831991297486503	0.948158511763038	0.792875382515504	0	0	0	0
"hsa-mir-583"	0	0.840928643306466	0.986666702256076	0.840928643306466	0	0	0	0
"hsa-mir-584"	1	1	0.989690742925981	0.959002216066392	0	0	0	0
"hsa-mir-586"	0	0.79501100095428	0.907695175058765	0	0	0	0	0
"hsa-mir-587"	0	0.948158511763038	0.989583355055393	0.605617509998698	0	0	0	0
"hsa-mir-588"	0	0.904173795012012	0.987951836288355	0	0	0	0	0
"hsa-mir-591"	0	0.958138944546903	0.947612650939201	0	0	0	0	0
"hsa-mir-593"	0	0.880696133381108	0.950232167141246	0.801160273632762	0	0	0	0
"hsa-mir-595"	0	0.792875542924585	0	0.501934092399801	0	0	0	0
"hsa-mir-596"	0	0.638473330974779	0.896706937408394	0	0	0	0	0
"hsa-mir-597"	0	0.877006489443799	0	0.713015353709373	0	0	0	0
"hsa-mir-600"	0	0.784730269957105	0.989795939211844	0.662991949794601	0	0	0	0
"hsa-mir-601"	0	0.848982820073234	0.93700267927717	0.798643646389994	0	0	0	0
"hsa-mir-602"	0	0.644041534352082	0.797102721161445	0	0	0	0	0
"hsa-mir-603"	0	0.887076660910726	0	0.641089798553706	0	0	0	0
"hsa-mir-604"	0	0.788468812789915	0.873081254909541	0.788468730878898	0	0	0	0
"hsa-mir-605"	0	0.868029303877072	0.892125631300367	0.796299519079047	0	0	0	0
"hsa-mir-606"	0	0.9585750765031	0.9585750765031	0	0	0	0	0
"hsa-mir-608"	0	0.761160815687174	0	0	0	0	0	0
"hsa-mir-609"	0.87441707678709	0.832556021333993	0.989473706392304	0.705806724878075	0	0	0	0
"hsa-mir-610"	0	0.91715023321074	0	0	0	0	0	0
"hsa-mir-611"	0	0.940644996769604	0	0	0	0	0	0
"hsa-mir-612"	0	0.809820131870136	0.990000020019051	0	0	0	0	0
"hsa-mir-6127"	0	0	0.541285069554573	0	0	0	0	0
"hsa-mir-6128"	0	0	0	0.963515583996337	0	0	0	0
"hsa-mir-6129"	0	0	1	0.854062618540868	0	0	0	0
"hsa-mir-613"	0	0.790695209027281	0.937086357331505	0	0	0	0	0
"hsa-mir-6130"	0	0	0.963515654635216	0.817578626370483	0	0	0	0
"hsa-mir-6131"	0	0	0.954341359558252	0.643054043687323	0	0	0	0
"hsa-mir-6132"	0	0	0.927031450548194	0	0	0	0	0
"hsa-mir-6133"	0	0	1	0	0	0	0	0
"hsa-mir-6134"	0	0	0.963515725274095	0.698951083282531	0	0	0	0
"hsa-mir-614"	0	0.733649440416207	0.8563294334968	0	0	0	0	0
"hsa-mir-616"	0	0.886173025269568	0.907695175058765	0.640186043846014	0	0	0	0
"hsa-mir-617"	0	0.918004193999711	0.989690742925981	0	0	0	0	0
"hsa-mir-618"	0	0.878261601269779	0.949216420589958	0.584000831560715	0	0	0	0
"hsa-mir-619"	0	0.879491279578464	0.909559915226228	0	0	0	0	0
"hsa-mir-621"	0	0.792875703333666	0	0	0	0	0	0
"hsa-mir-622"	0	0.782217081289388	0.834058810139971	0	0	0	0	0
"hsa-mir-623"	0	0.918840884188516	0.959420402810397	0	0	0	0	0
"hsa-mir-624"	0.877006489443799	0.95900205731101	0.989690742925981	0.804177378024666	0	0	0	0
"hsa-mir-626"	0	0.745915630014491	0.989361724783899	0.554481392683871	0	0	0	0
"hsa-mir-627"	0	0	0.989690742925981	0	0	0	0	0
"hsa-mir-629"	0.948692879614681	0	0	0	0	0	0	0
"hsa-mir-630"	0	0.918004273377407	0.94869280023699	0	0	0	0	0
"hsa-mir-633"	0	0.837682239783331	0.90863705910351	0.797102799729162	0	0	0	0
"hsa-mir-634"	0	0.836008705510191	0.989690742925981	0	0	0	0	0
"hsa-mir-635"	0	0	0.989795939211844	0	0	0	0	0
"hsa-mir-636"	0	0.959830374676755	0	0	0	0	0	0
"hsa-mir-637"	0	0.788582372499077	0.949729307227159	0	0	0	0	0
"hsa-mir-638"	0	0.668763637018803	0	0	0	0	0	0
"hsa-mir-639"	0	0.918840962756233	0	0.623633452059632	0	0	0	0
"hsa-mir-640"	0	0.91715031341528	0.948158511763038	0.896317023526076	0	0	0	0
"hsa-mir-641"	0.919660904901714	0	0.869390289902977	0	0	0	0	0
"hsa-mir-643"	0	0	0.907695016303382	0	0	0	0	0
"hsa-mir-645"	0	0.915387394058341	0.989361724783899	0	0	0	0	0
"hsa-mir-646"	0	0.714247766081797	0.978723449567799	0	0	0	0	0
"hsa-mir-647"	0	0.854892100029176	0	0	0	0	0	0
"hsa-mir-648"	0	0.873081336820558	0	0.735277436709407	0	0	0	0
"hsa-mir-649"	0	0	0.86669723236978	0	0	0	0	0
"hsa-mir-650"	0	0.823883981885964	0.906733508061597	0	0	0	0	0
"hsa-mir-6505"	0	0	0	0.845724189266894	0	0	0	0
"hsa-mir-651"	1	0.95900205731101	0.95900205731101	0	0	0	0	0
"hsa-mir-657"	0	0	0.949216499157675	0	0	0	0	0
"hsa-mir-661"	0	0	0.821268034663926	0.381728983241615	0	0	0	0
"hsa-mir-662"	0	0	0	0.790695371124876	0	0	0	0
"hsa-mir-663b"	0	0.533058866883694	0	0	0	0	0	0
"hsa-mir-6790"	0	0	0	0.74750469417597	0	0	0	0
"hsa-mir-6794"	0	0	0	0.736317702104511	0	0	0	0
"hsa-mir-6827"	0	0	0	0.729993282400507	0	0	0	0
"hsa-mir-765"	0	0.895347594774782	0.956343995531507	0	0	0	0	0
"hsa-mir-766"	0.954955036194543	1	0.99099100723891	0	0	0	0	0
"hsa-mir-887"	1	1	0.987341804228562	0.987341804228562	0	0	0	0
"hsa-mir-888"	0	0.948353468704194	0	0	0	0	0	0
"hsa-mir-890"	0	0.870431593369838	0.987013020777609	0.676831597449638	0	0	0	0
"hsa-mir-891a"	0	0.949660972512316	0.886663749253187	0.597286513070371	0	0	0	0
"hsa-mir-891b"	0	1	0.937002776740871	0.64762607660842	0	0	0	0
"hsa-mir-892a"	0	0.82759524290079	0.920309636057929	0.78790466952874	0	0	0	0
"hsa-mir-892b"	0	0.845060306117367	0.276644576389248	0.896706837413174	0	0	0	0
"hsa-mir-892c"	0	0	0	0.740260065568864	0	0	0	0
"hsa-mir-920"	0	0.678900576815323	0.867285867603713	0	0	0	0	0
"hsa-mir-921"	0	0.786957048996315	0	0	0	0	0	0
"hsa-mir-922"	0	0.950903908390715	0.925926108999043	0.0740740989385724	0	0	0	0
"hsa-mir-924"	0	0.962264118050708	0.981132059025354	0.774460214237094	0	0	0	0
"hsa-mir-933"	0	0.856607854144575	0.987013020777609	0.987013020777609	0	0	0	0
"hsa-mir-934"	0	0.952086758356008	0.987951836288355	0.772203098889084	0	0	0	0
"hsa-mir-936"	0	0.837681846944744	0.989795939211844	0.9188408056208	0	0	0	0
"hsa-mir-937"	0	0.907516561823318	0.942130445767627	0.722549551174009	0	0	0	0
"hsa-mir-938"	0	0.952086943889343	0.880077467588722	0.616135657892861	0	0	0	0
"hsa-mir-939"	0	0.695971251447674	0.987804907821308	0	0	0	0	0
"hsa-mir-942"	0	0.90751647229269	0.988372120090656	0	0	0	0	0
"hsa-mir-943"	0	0.669578862698299	0.819149321326271	0	0	0	0	0
"hsa-mir-944"	0	0.909618453363923	0.988636389487405	0.796509685702667	0	0	0	0
